{"accessibilityPrompt":true,"alwaysOnTop":false,"arch":"x64","asar":false,"blockExternalUrls":false,"bounce":false,"buildDate":1754459351187,"clearCache":false,"counter":false,"darwinDarkModeSupport":false,"disableContextMenu":false,"disableDevTools":false,"disableGpu":false,"disableOldBuildWarning":false,"electronVersionUsed":"25.7.0","enableEs3Apis":false,"fastQuit":false,"fullScreen":false,"height":800,"hideWindowFrame":false,"ignoreCertificate":false,"ignoreGpuBlacklist":false,"insecure":false,"isUpgrade":false,"maximize":false,"name":"DietPlan","nativefierVersion":"52.0.0","portable":false,"quiet":false,"showMenuBar":false,"singleInstance":false,"strictInternalUrls":false,"targetUrl":"file:///C:/Users/horizon/Desktop/My%20projects/diet%20plan/index2.html","tray":"false","userAgentHonest":false,"width":1280,"widevine":false,"win32metadata":{"ProductName":"DietPlan","InternalName":"DietPlan","FileDescription":"DietPlan"},"zoom":1,"oldBuildWarningText":""}